,Record,Orthography,Target,Target Syllables,CV,Syllable Count,Stress,Consonants,Vowels,Onset,Onset Singleton,Intervocalic Singleton,Intervocalic Singleton Onset,Coda,Onset Cluster C1,Onset Cluster C2,Onset Cluster,Clusters,WI Onset Singleton,WI Onset Cluster,WF Coda Singleton,Stressed Syllable,Monosyllable,Stressed Onset,Stressed Nucleus,Stressed Coda,Unstressed Syllables,Unstressed Onsets,Unstressed Nucleus,Unstressed Codas,Multiple Words
0,1,dedo,ˈdedo,ˈd:Oe:Nd:Oo:N,ˈCV.CV,2,1U,dd,eo,d d,d d,d,d,,,,,,d,,,d:Oe:N,,d,e,, d:Oo:N,d,o,,
1,2,caja,ˈkaxa,ˈk:Oa:Nx:Oa:N,ˈCV.CV,2,1U,kx,aa,k x,k x,x,x,,,,,,k,,,k:Oa:N,,k,a,, x:Oa:N,x,a,,
2,3,fuerte,ˈfweɾte,ˈf:Ow:Oe:Nɾ:Ct:Oe:N,ˈCGVC.CV,2,1U,fwɾt,ee,f w t,t,,,ɾ,f,w,fw,fw ɾt,,fw,,f:Ow:Oe:Nɾ:C,,fw,e,ɾ, t:Oe:N,t,e,,
3,4,corriendo,koˈrjendo,k:Oo:Nˈr:Oj:Oe:Dn:Cd:Oo:N,CVˈCGVC.CV,3,U1U,krjnd,oeo,k r j d,k d,,,n,r,j,rj,rj nd,k,,,r:Oj:Oe:Dn:C,,rj,e,n,k:Oo:N d:Oo:N,k d,o o,,
4,5,puerro,ˈpwero,ˈp:Ow:Oe:Dr:Oo:N,ˈCGV.CV,2,1U,pwr,eo,p w r,r,r,r,,p,w,pw,pw,,pw,,p:Ow:Oe:D,,pw,e,, r:Oo:N,r,o,,
5,6,gasolina,ɡasoˈlina,ɡ:Oa:Ns:Oo:Nˈl:Oi:Nn:Oa:N,CV.CVˈCV.CV,4,UU1U,ɡsln,aoia,ɡ s l n,ɡ s l n,s n,s n,,,,,,ɡ,,,l:Oi:N,,l,i,,ɡ:Oa:Ns:Oo:N n:Oa:N,ɡ s n,a o a,,
6,7,prende,ˈpɾende,ˈp:Oɾ:Oe:Nn:Cd:Oe:N,ˈCCVC.CV,2,1U,pɾnd,ee,p ɾ d,d,,,n,p,ɾ,pɾ,pɾ nd,,pɾ,,p:Oɾ:Oe:Nn:C,,pɾ,e,n, d:Oe:N,d,e,,
7,8,muerde,ˈmweɾde,ˈm:Ow:Oe:Nɾ:Cd:Oe:N,ˈCGVC.CV,2,1U,mwɾd,ee,m w d,d,,,ɾ,m,w,mw,mw ɾd,,mw,,m:Ow:Oe:Nɾ:C,,mw,e,ɾ, d:Oe:N,d,e,,
8,9,nuez,nwes,n:Ow:Oe:Ns:C,CGVC,1,U,nws,e,n w,,,,s,n,w,nw,nw,,nw,s,n:Ow:Oe:Ns:C,n:Ow:Oe:Ns:C,nw,e,s,n:Ow:Oe:Ns:C,nw,e,s,
9,10,grande,ˈɡɾande,ˈɡ:Oɾ:Oa:Nn:Cd:Oe:N,ˈCCVC.CV,2,1U,ɡɾnd,ae,ɡ ɾ d,d,,,n,ɡ,ɾ,ɡɾ,ɡɾ nd,,ɡɾ,,ɡ:Oɾ:Oa:Nn:C,,ɡɾ,a,n, d:Oe:N,d,e,,
10,11,bandera,banˈdeɾa,b:Oa:Nn:Cˈd:Oe:Nɾ:Oa:N,CVCˈCV.CV,3,U1U,bndɾ,aea,b d ɾ,b d ɾ,ɾ,ɾ,n,,,,,b,,,d:Oe:N,,d,e,,b:Oa:Nn:C ɾ:Oa:N,b ɾ,a a,n,
11,12,jaula,ˈxawla,ˈx:Oa:Dw:Dl:Oa:N,ˈCVG.CV,2,1U,xwl,aa,x l,x l,l,l,,,,,,x,,,x:Oa:Dw:D,,x,aw,, l:Oa:N,l,a,,
12,13,más,mas,m:Oa:Ns:C,CVC,1,U,ms,a,m,m,,,s,,,,,m,,s,m:Oa:Ns:C,m:Oa:Ns:C,m,a,s,m:Oa:Ns:C,m,a,s,
13,14,arcoiris,ˈaɾkoiɾis,ˈa:Nɾ:Ck:Oo:Nˈi:Nɾ:Oi:Ns:C,ˈVC.CV.V.CVC,4,1UUU,ɾkɾs,aoii,k ɾ,k ɾ,ɾ,ɾ,ɾ s,,,,ɾk,,,s,a:Nɾ:C i:N,,,a i,ɾ, k:Oo:N ɾ:Oi:Ns:C,k ɾ,o i,s,
14,15,mariposa,maɾiˈposa,m:Oa:Nɾ:Oi:Nˈp:Oo:Ns:Oa:N,CV.CVˈCV.CV,4,UU1U,mɾps,aioa,m ɾ p s,m ɾ p s,ɾ s,ɾ s,,,,,,m,,,p:Oo:N,,p,o,,m:Oa:Nɾ:Oi:N s:Oa:N,m ɾ s,a i a,,
15,16,sueño,ˈsweɲo,ˈs:Ow:Oe:Dɲ:Oo:N,ˈCGV.CV,2,1U,swɲ,eo,s w ɲ,ɲ,ɲ,ɲ,,s,w,sw,sw,,sw,,s:Ow:Oe:D,,sw,e,, ɲ:Oo:N,ɲ,o,,
16,17,caldo,ˈkaldo,ˈk:Oa:Nl:Cd:Oo:N,ˈCVC.CV,2,1U,kld,ao,k d,k d,,,l,,,,ld,k,,,k:Oa:Nl:C,,k,a,l, d:Oo:N,d,o,,
17,18,castillo,kasˈtiʝo,k:Oa:Ns:Cˈt:Oi:Nʝ:Oo:N,CVCˈCV.CV,3,U1U,kstʝ,aio,k t ʝ,k t ʝ,ʝ,ʝ,s,,,,,k,,,t:Oi:N,,t,i,,k:Oa:Ns:C ʝ:Oo:N,k ʝ,a o,s,
18,19,gris,ɡɾis,ɡ:Oɾ:Oi:Ns:C,CCVC,1,U,ɡɾs,i,ɡ ɾ,,,,s,ɡ,ɾ,ɡɾ,ɡɾ,,ɡɾ,s,ɡ:Oɾ:Oi:Ns:C,ɡ:Oɾ:Oi:Ns:C,ɡɾ,i,s,ɡ:Oɾ:Oi:Ns:C,ɡɾ,i,s,
19,20,doble,ˈdoble,ˈd:Oo:Nb:Ol:Oe:N,ˈCV.CCV,2,1U,dbl,oe,d b l,d,,,,b,l,bl,bl,d,,,d:Oo:N,,d,o,, b:Ol:Oe:N,bl,e,,
20,21,fiesta,ˈfjesta,ˈf:Oj:Oe:Ds:Ct:Oa:N,ˈCGVC.CV,2,1U,fjst,ea,f j t,t,,,s,f,j,fj,fj st,,fj,,f:Oj:Oe:Ds:C,,fj,e,s, t:Oa:N,t,a,,
21,22,aire,ˈajɾe,ˈa:Dj:Dɾ:Oe:N,ˈVG.CV,2,1U,jɾ,ae,ɾ,ɾ,ɾ,ɾ,,,,,,,,,a:Dj:D,,,aj,, ɾ:Oe:N,ɾ,e,,
22,23,béisbol,ˈbejsbol,ˈb:Oe:Dj:Ds:Cb:Oo:Nl:C,ˈCVGC.CVC,2,1U,bjsbl,eo,b b,b b,,,s l,,,,sb,b,,l,b:Oe:Dj:Ds:C,,b,ej,s, b:Oo:Nl:C,b,o,l,
23,24,dueño,ˈdweɲo,ˈd:Ow:Oe:Nɲ:Oo:N,ˈCGV.CV,2,1U,dwɲ,eo,d w ɲ,ɲ,ɲ,ɲ,,d,w,dw,dw,,dw,,d:Ow:Oe:N,,dw,e,, ɲ:Oo:N,ɲ,o,,
24,25,jugo,ˈxuɡo,ˈx:Ou:Nɡ:Oo:N,ˈCV.CV,2,1U,xɡ,uo,x ɡ,x ɡ,ɡ,ɡ,,,,,,x,,,x:Ou:N,,x,u,, ɡ:Oo:N,ɡ,o,,
25,26,lágrima,ˈlaɡɾima,ˈl:Oa:Nɡ:Oɾ:Oi:Nm:Oa:N,ˈCV.CCV.CV,3,1UU,lɡɾm,aia,l ɡ ɾ m,l m,m,m,,ɡ,ɾ,ɡɾ,ɡɾ,l,,,l:Oa:N,,l,a,, ɡ:Oɾ:Oi:Nm:Oa:N,ɡɾ m,i a,,
26,27,dormido,doɾˈmido,d:Oo:Nɾ:Cˈm:Oi:Nd:Oo:N,CVCˈCV.CV,3,U1U,dɾmd,oio,d m d,d m d,d,d,ɾ,,,,,d,,,m:Oi:N,,m,i,,d:Oo:Nɾ:C d:Oo:N,d d,o o,ɾ,
27,28,suéter,ˈsweteɾ,ˈs:Ow:Oe:Nt:Oe:Nɾ:C,ˈCGV.CVC,2,1U,swtɾ,ee,s w t,t,t,t,ɾ,s,w,sw,sw,,sw,ɾ,s:Ow:Oe:N,,sw,e,, t:Oe:Nɾ:C,t,e,ɾ,
28,29,correo,koˈreo,k:Oo:Nˈr:Oe:No:N,CVˈCV.V,3,U1U,kr,oeo,k r,k r,r,r,,,,,,k,,,r:Oe:N,,r,e,,k:Oo:N o:N,k,o o,,
29,30,peine,ˈpejne,ˈp:Oe:Dj:Dn:Oe:N,ˈCVG.CV,2,1U,pjn,ee,p n,p n,n,n,,,,,,p,,,p:Oe:Dj:D,,p,ej,, n:Oe:N,n,e,,
30,31,foto,ˈfoto,ˈf:Oo:Nt:Oo:N,ˈCV.CV,2,1U,ft,oo,f t,f t,t,t,,,,,,f,,,f:Oo:N,,f,o,, t:Oo:N,t,o,,
31,32,puerta,ˈpweɾta,ˈp:Ow:Oe:Nɾ:Ct:Oa:N,ˈCGVC.CV,2,1U,pwɾt,ea,p w t,t,,,ɾ,p,w,pw,pw ɾt,,pw,,p:Ow:Oe:Nɾ:C,,pw,e,ɾ, t:Oa:N,t,a,,
32,33,sopa,ˈsopa,ˈs:Oo:Np:Oa:N,ˈCV.CV,2,1U,sp,oa,s p,s p,p,p,,,,,,s,,,s:Oo:N,,s,o,, p:Oa:N,p,a,,
33,34,mujer,muˈxeɾ,m:Ou:Nˈx:Oe:Nɾ:C,CVˈCVC,2,U1,mxɾ,ue,m x,m x,x,x,ɾ,,,,,m,,ɾ,x:Oe:Nɾ:C,,x,e,ɾ,m:Ou:N ,m,u,,
34,35,globos,ˈɡlobos,ˈɡ:Ol:Oo:Nb:Oo:Ns:C,ˈCCV.CVC,2,1U,ɡlbs,oo,ɡ l b,b,b,b,s,ɡ,l,ɡl,ɡl,,ɡl,s,ɡ:Ol:Oo:N,,ɡl,o,, b:Oo:Ns:C,b,o,s,
35,36,paraguas,paˈɾaɡwas,p:Oa:Nˈɾ:Oa:Nɡ:Ow:Oa:Ns:C,CVˈCV.CGVC,3,U1U,pɾɡws,aaa,p ɾ ɡ w,p ɾ,ɾ,ɾ,s,ɡ,w,ɡw,ɡw,p,,s,ɾ:Oa:N,,ɾ,a,,p:Oa:N ɡ:Ow:Oa:Ns:C,p ɡw,a a,s,
36,37,papel,paˈpel,p:Oa:Nˈp:Oe:Nl:C,CVˈCVC,2,U1,ppl,ae,p p,p p,p,p,l,,,,,p,,l,p:Oe:Nl:C,,p,e,l,p:Oa:N ,p,a,,
37,38,pintura,pinˈtuɾa,p:Oi:Nn:Cˈt:Ou:Nɾ:Oa:N,CVCˈCV.CV,3,U1U,pntɾ,iua,p t ɾ,p t ɾ,ɾ,ɾ,n,,,,,p,,,t:Ou:N,,t,u,,p:Oi:Nn:C ɾ:Oa:N,p ɾ,i a,n,
38,39,fiel,fjel,f:Oj:Oe:Dl:C,CGVC,1,U,fjl,e,f j,,,,l,f,j,fj,fj,,fj,l,f:Oj:Oe:Dl:C,f:Oj:Oe:Dl:C,fj,e,l,f:Oj:Oe:Dl:C,fj,e,l,
39,40,tío,ˈtio,ˈt:Oi:No:N,ˈCV.V,2,1U,t,io,t,t,,,,,,,,t,,,t:Oi:N,,t,i,, o:N,,o,,
40,41,luna,ˈluna,ˈl:Ou:Nn:Oa:N,ˈCV.CV,2,1U,ln,ua,l n,l n,n,n,,,,,,l,,,l:Ou:N,,l,u,, n:Oa:N,n,a,,
41,42,mano,ˈmano,ˈm:Oa:Nn:Oo:N,ˈCV.CV,2,1U,mn,ao,m n,m n,n,n,,,,,,m,,,m:Oa:N,,m,a,, n:Oo:N,n,o,,
42,43,mar,maɾ,m:Oa:Nɾ:C,CVC,1,U,mɾ,a,m,m,,,ɾ,,,,,m,,ɾ,m:Oa:Nɾ:C,m:Oa:Nɾ:C,m,a,ɾ,m:Oa:Nɾ:C,m,a,ɾ,
43,44,duele,ˈdwele,ˈd:Ow:Oe:Nl:Oe:N,ˈCGV.CV,2,1U,dwl,ee,d w l,l,l,l,,d,w,dw,dw,,dw,,d:Ow:Oe:N,,dw,e,, l:Oe:N,l,e,,
44,45,libro,ˈlibɾo,ˈl:Oi:Nb:Oɾ:Oo:N,ˈCV.CCV,2,1U,lbɾ,io,l b ɾ,l,,,,b,ɾ,bɾ,bɾ,l,,,l:Oi:N,,l,i,, b:Oɾ:Oo:N,bɾ,o,,
45,46,waffle,ˈwafle,ˈw:Oa:Nf:Ol:Oe:N,ˈGV.CCV,2,1U,wfl,ae,w f l,w,,,,f,l,fl,fl,w,,,w:Oa:N,,w,a,, f:Ol:Oe:N,fl,e,,
46,47,bicicleta,bisiˈkleta,b:Oi:Ns:Oi:Nˈk:Ol:Oe:Nt:Oa:N,CV.CVˈCCV.CV,4,UU1U,bsklt,iiea,b s k l t,b s t,s t,s t,,k,l,kl,kl,b,,,k:Ol:Oe:N,,kl,e,,b:Oi:Ns:Oi:N t:Oa:N,b s t,i i a,,
47,48,cuarto,ˈkwaɾto,ˈk:Ow:Oa:Nɾ:Ct:Oo:N,ˈCGVC.CV,2,1U,kwɾt,ao,k w t,t,,,ɾ,k,w,kw,kw ɾt,,kw,,k:Ow:Oa:Nɾ:C,,kw,a,ɾ, t:Oo:N,t,o,,
48,49,hueso,ˈweso,ˈw:Oe:Ds:Oo:N,ˈGV.CV,2,1U,ws,eo,w s,w s,s,s,,,,,,w,,,w:Oe:D,,w,e,, s:Oo:N,s,o,,
49,50,campana,kamˈpana,k:Oa:Nm:Cˈp:Oa:Nn:Oa:N,CVCˈCV.CV,3,U1U,kmpn,aaa,k p n,k p n,n,n,m,,,,,k,,,p:Oa:N,,p,a,,k:Oa:Nm:C n:Oa:N,k n,a a,m,
50,51,clavo,ˈklabo,ˈk:Ol:Oa:Nb:Oo:N,ˈCCV.CV,2,1U,klb,ao,k l b,b,b,b,,k,l,kl,kl,,kl,,k:Ol:Oa:N,,kl,a,, b:Oo:N,b,o,,
51,52,dieta,ˈdjeta,ˈd:Oj:Oe:Dt:Oa:N,ˈCGV.CV,2,1U,djt,ea,d j t,t,t,t,,d,j,dj,dj,,dj,,d:Oj:Oe:D,,dj,e,, t:Oa:N,t,a,,
52,53,agua,ˈaɡwa,ˈa:Nɡ:Ow:Oa:N,ˈV.CGV,2,1U,ɡw,aa,ɡ w,,,,,ɡ,w,ɡw,ɡw,,,,a:N,,,a,, ɡ:Ow:Oa:N,ɡw,a,,
53,54,alto,ˈalto,ˈa:Nl:Ct:Oo:N,ˈVC.CV,2,1U,lt,ao,t,t,,,l,,,,lt,,,,a:Nl:C,,,a,l, t:Oo:N,t,o,,
54,55,calcetines,kalseˈtines,k:Oa:Nl:Cs:Oe:Nˈt:Oi:Nn:Oe:Ns:C,CVC.CVˈCV.CVC,4,UU1U,klstns,aeie,k s t n,k s t n,t,t,l s,,,,ls,k,,s,t:Oi:N,,t,i,,k:Oa:Nl:Cs:Oe:N n:Oe:Ns:C,k s n,a e e,l s,
55,56,chino,ˈʧino,ˈʧ:Oi:Nn:Oo:N,ˈCV.CV,2,1U,ʧn,io,ʧ n,ʧ n,n,n,,,,,,ʧ,,,ʧ:Oi:N,,ʧ,i,, n:Oo:N,n,o,,
56,57,amarillo,amaˈɾiʝo,a:Nm:Oa:Nˈɾ:Oi:Nʝ:Oo:N,V.CVˈCV.CV,4,UU1U,mɾʝ,aaio,m ɾ ʝ,m ɾ ʝ,m ʝ,m ʝ,,,,,,,,,ɾ:Oi:N,,ɾ,i,,a:Nm:Oa:N ʝ:Oo:N,m ʝ,a a o,,
57,58,carros,ˈkaros,ˈk:Oa:Nr:Oo:Ns:C,ˈCV.CVC,2,1U,krs,ao,k r,k r,r,r,s,,,,,k,,s,k:Oa:N,,k,a,, r:Oo:Ns:C,r,o,s,
58,59,nudo,ˈnudo,ˈn:Ou:Nd:Oo:N,ˈCV.CV,2,1U,nd,uo,n d,n d,d,d,,,,,,n,,,n:Ou:N,,n,u,, d:Oo:N,d,o,,
59,60,sol,sol,s:Oo:Nl:C,CVC,1,U,sl,o,s,s,,,l,,,,,s,,l,s:Oo:Nl:C,s:Oo:Nl:C,s,o,l,s:Oo:Nl:C,s,o,l,
60,61,seis,sejs,s:Oe:Dj:Ds:C,CVGC,1,U,sjs,e,s,s,,,s,,,,,s,,s,s:Oe:Dj:Ds:C,s:Oe:Dj:Ds:C,s,ej,s,s:Oe:Dj:Ds:C,s,ej,s,
61,62,año,ˈaɲo,ˈa:Nɲ:Oo:N,ˈV.CV,2,1U,ɲ,ao,ɲ,ɲ,ɲ,ɲ,,,,,,,,,a:N,,,a,, ɲ:Oo:N,ɲ,o,,
62,63,camiseta,kamiˈseta,k:Oa:Nm:Oi:Nˈs:Oe:Nt:Oa:N,CV.CVˈCV.CV,4,UU1U,kmst,aiea,k m s t,k m s t,m t,m t,,,,,,k,,,s:Oe:N,,s,e,,k:Oa:Nm:Oi:N t:Oa:N,k m t,a i a,,
63,64,azul,aˈsul,a:Nˈs:Ou:Nl:C,VˈCVC,2,U1,sl,au,s,s,s,s,l,,,,,,,l,s:Ou:Nl:C,,s,u,l,a:N ,,a,,
64,65,dado,ˈdado,ˈd:Oa:Nd:Oo:N,ˈCV.CV,2,1U,dd,ao,d d,d d,d,d,,,,,,d,,,d:Oa:N,,d,a,, d:Oo:N,d,o,,
65,66,miedo,ˈmjedo,ˈm:Oj:Oe:Dd:Oo:N,ˈCGV.CV,2,1U,mjd,eo,m j d,d,d,d,,m,j,mj,mj,,mj,,m:Oj:Oe:D,,mj,e,, d:Oo:N,d,o,,
66,67,puente,ˈpwente,ˈp:Ow:Oe:Nn:Ct:Oe:N,ˈCGVC.CV,2,1U,pwnt,ee,p w t,t,,,n,p,w,pw,pw nt,,pw,,p:Ow:Oe:Nn:C,,pw,e,n, t:Oe:N,t,e,,
67,68,dos,dos,d:Oo:Ns:C,CVC,1,U,ds,o,d,d,,,s,,,,,d,,s,d:Oo:Ns:C,d:Oo:Ns:C,d,o,s,d:Oo:Ns:C,d,o,s,
68,69,niño,ˈniɲo,ˈn:Oi:Nɲ:Oo:N,ˈCV.CV,2,1U,nɲ,io,n ɲ,n ɲ,ɲ,ɲ,,,,,,n,,,n:Oi:N,,n,i,, ɲ:Oo:N,ɲ,o,,
69,70,chile,ˈʧile,ˈʧ:Oi:Nl:Oe:N,ˈCV.CV,2,1U,ʧl,ie,ʧ l,ʧ l,l,l,,,,,,ʧ,,,ʧ:Oi:N,,ʧ,i,, l:Oe:N,l,e,,
70,71,jalar,xaˈlaɾ,x:Oa:Nˈl:Oa:Nɾ:C,CVˈCVC,2,U1,xlɾ,aa,x l,x l,l,l,ɾ,,,,,x,,ɾ,l:Oa:Nɾ:C,,l,a,ɾ,x:Oa:N ,x,a,,
71,72,chango,ˈʧanɡo,ˈʧ:Oa:Nn:Cɡ:Oo:N,ˈCVC.CV,2,1U,ʧnɡ,ao,ʧ ɡ,ʧ ɡ,,,n,,,,nɡ,ʧ,,,ʧ:Oa:Nn:C,,ʧ,a,n, ɡ:Oo:N,ɡ,o,,
72,73,sofá,soˈfa,s:Oo:Nˈf:Oa:N,CVˈCV,2,U1,sf,oa,s f,s f,f,f,,,,,,s,,,f:Oa:N,,f,a,,s:Oo:N ,s,o,,
73,74,cuatro,ˈkwatɾo,ˈk:Ow:Oa:Nt:Oɾ:Oo:N,ˈCGV.CCV,2,1U,kwtɾ,ao,k w t ɾ,,,,,k t,w ɾ,kw tɾ,kw tɾ,,kw,,k:Ow:Oa:N,,kw,a,, t:Oɾ:Oo:N,tɾ,o,,
74,75,muebles,ˈmwebles,ˈm:Ow:Oe:Db:Ol:Oe:Ns:C,ˈCGV.CCVC,2,1U,mwbls,ee,m w b l,,,,s,m b,w l,mw bl,mw bl,,mw,s,m:Ow:Oe:D,,mw,e,, b:Ol:Oe:Ns:C,bl,e,s,
75,76,liebre,ˈljebɾe,ˈl:Oj:Oe:Db:Oɾ:Oe:N,ˈCGV.CCV,2,1U,ljbɾ,ee,l j b ɾ,,,,,l b,j ɾ,lj bɾ,lj bɾ,,lj,,l:Oj:Oe:D,,lj,e,, b:Oɾ:Oe:N,bɾ,e,,
76,77,cuchara,kuˈʧaɾa,k:Ou:Nˈʧ:Oa:Nɾ:Oa:N,CVˈCV.CV,3,U1U,kʧɾ,uaa,k ʧ ɾ,k ʧ ɾ,ʧ,ʧ,,,,,,k,,,ʧ:Oa:N,,ʧ,a,,k:Ou:N ɾ:Oa:N,k ɾ,u a,,
77,78,delfín,delˈfin,d:Oe:Nl:Cˈf:Oi:Nn:C,CVCˈCVC,2,U1,dlfn,ei,d f,d f,,,l n,,,,,d,,n,f:Oi:Nn:C,,f,i,n,d:Oe:Nl:C ,d,e,l,
78,79,nieve,ˈnjebe,ˈn:Oj:Oe:Db:Oe:N,ˈCGV.CV,2,1U,njb,ee,n j b,b,b,b,,n,j,nj,nj,,nj,,n:Oj:Oe:D,,nj,e,, b:Oe:N,b,e,,
79,80,miel,mjel,m:Oj:Oe:Dl:C,CGVC,1,U,mjl,e,m j,,,,l,m,j,mj,mj,,mj,l,m:Oj:Oe:Dl:C,m:Oj:Oe:Dl:C,mj,e,l,m:Oj:Oe:Dl:C,mj,e,l,
80,81,bien,bjen,b:Oj:Oe:Dn:C,CGVC,1,U,bjn,e,b j,,,,n,b,j,bj,bj,,bj,n,b:Oj:Oe:Dn:C,b:Oj:Oe:Dn:C,bj,e,n,b:Oj:Oe:Dn:C,bj,e,n,
81,82,res,res,r:Oe:Ns:C,CVC,1,U,rs,e,r,r,,,s,,,,,r,,s,r:Oe:Ns:C,r:Oe:Ns:C,r,e,s,r:Oe:Ns:C,r,e,s,
82,83,escoba,esˈkoba,e:Ns:Cˈk:Oo:Nb:Oa:N,VCˈCV.CV,3,U1U,skb,eoa,k b,k b,b,b,s,,,,,,,,k:Oo:N,,k,o,,e:Ns:C b:Oa:N,b,e a,s,
83,84,labios,ˈlabjos,ˈl:Oa:Nb:Oj:Oo:Ds:C,ˈCV.CGVC,2,1U,lbjs,ao,l b j,l,,,s,b,j,bj,bj,l,,s,l:Oa:N,,l,a,, b:Oj:Oo:Ds:C,bj,o,s,
84,85,tortuga,toɾˈtuɡa,t:Oo:Nɾ:Cˈt:Ou:Nɡ:Oa:N,CVCˈCV.CV,3,U1U,tɾtɡ,oua,t t ɡ,t t ɡ,ɡ,ɡ,ɾ,,,,,t,,,t:Ou:N,,t,u,,t:Oo:Nɾ:C ɡ:Oa:N,t ɡ,o a,ɾ,
85,86,serpiente,seɾˈpjente,s:Oe:Nɾ:Cˈp:Oj:Oe:Dn:Ct:Oe:N,CVCˈCGVC.CV,3,U1U,sɾpjnt,eee,s p j t,s t,,,ɾ n,p,j,pj,pj nt,s,,,p:Oj:Oe:Dn:C,,pj,e,n,s:Oe:Nɾ:C t:Oe:N,s t,e e,ɾ,
86,87,eslinga,esˈlinɡa,e:Ns:Cˈl:Oi:Nn:Cɡ:Oa:N,VCˈCVC.CV,3,U1U,slnɡ,eia,l ɡ,l ɡ,,,s n,,,,nɡ,,,,l:Oi:Nn:C,,l,i,n,e:Ns:C ɡ:Oa:N,ɡ,e a,s,
87,88,bailan,ˈbajlan,ˈb:Oa:Dj:Dl:Oa:Nn:C,ˈCVG.CVC,2,1U,bjln,aa,b l,b l,l,l,n,,,,,b,,n,b:Oa:Dj:D,,b,aj,, l:Oa:Nn:C,l,a,n,
88,89,regalo,reˈɡalo,r:Oe:Nˈɡ:Oa:Nl:Oo:N,CVˈCV.CV,3,U1U,rɡl,eao,r ɡ l,r ɡ l,ɡ,ɡ,,,,,,r,,,ɡ:Oa:N,,ɡ,a,,r:Oe:N l:Oo:N,r l,e o,,
89,90,toma,ˈtoma,ˈt:Oo:Nm:Oa:N,ˈCV.CV,2,1U,tm,oa,t m,t m,m,m,,,,,,t,,,t:Oo:N,,t,o,, m:Oa:N,m,a,,
90,91,río,ˈrio,ˈr:Oi:No:N,ˈCV.V,2,1U,r,io,r,r,,,,,,,,r,,,r:Oi:N,,r,i,, o:N,,o,,
91,92,miércoles,ˈmjeɾkoles,ˈm:Oj:Oe:Dɾ:Ck:Oo:Nl:Oe:Ns:C,ˈCGVC.CV.CVC,3,1UU,mjɾkls,eoe,m j k l,k l,l,l,ɾ s,m,j,mj,mj ɾk,,mj,s,m:Oj:Oe:Dɾ:C,,mj,e,ɾ, k:Oo:Nl:Oe:Ns:C,k l,o e,s,
92,93,ruego,ˈrweɡo,ˈr:Ew:Oe:Nɡ:Oo:N,ˈC.GV.CV,3,1UU,rwɡ,eo,w ɡ,ɡ,ɡ,ɡ,,,,,,,,,,,,,,ˈr:Ew:Oe:Nɡ:Oo:N,w ɡ,e o,,
93,94,cien,sjen,s:Oj:Oe:Dn:C,CGVC,1,U,sjn,e,s j,,,,n,s,j,sj,sj,,sj,n,s:Oj:Oe:Dn:C,s:Oj:Oe:Dn:C,sj,e,n,s:Oj:Oe:Dn:C,sj,e,n,
94,95,pingüino,pinˈɡwino,p:Oi:Nn:Cˈɡ:Ow:Oi:Nn:Oo:N,CVCˈCGV.CV,3,U1U,pnɡwn,iio,p ɡ w n,p n,n,n,n,ɡ,w,ɡw,ɡw,p,,,ɡ:Ow:Oi:N,,ɡw,i,,p:Oi:Nn:C n:Oo:N,p n,i o,n,
95,96,riesgo,ˈrjesɡo,ˈr:Oj:Oe:Ds:Cɡ:Oo:N,ˈCGVC.CV,2,1U,rjsɡ,eo,r j ɡ,ɡ,,,s,r,j,rj,rj sɡ,,rj,,r:Oj:Oe:Ds:C,,rj,e,s, ɡ:Oo:N,ɡ,o,,
96,97,duende,ˈdwende,ˈd:Ow:Oe:Nn:Cd:Oe:N,ˈCGVC.CV,2,1U,dwnd,ee,d w d,d,,,n,d,w,dw,dw nd,,dw,,d:Ow:Oe:Nn:C,,dw,e,n, d:Oe:N,d,e,,
97,98,fuego,ˈfweɡo,ˈf:Ow:Oe:Nɡ:Oo:N,ˈCGV.CV,2,1U,fwɡ,eo,f w ɡ,ɡ,ɡ,ɡ,,f,w,fw,fw,,fw,,f:Ow:Oe:N,,fw,e,, ɡ:Oo:N,ɡ,o,,
98,99,nadar,naˈdaɾ,n:Oa:Nˈd:Oa:Nɾ:C,CVˈCVC,2,U1,ndɾ,aa,n d,n d,d,d,ɾ,,,,,n,,ɾ,d:Oa:Nɾ:C,,d,a,ɾ,n:Oa:N ,n,a,,
99,100,pulpo,ˈpulpo,ˈp:Ou:Nl:Cp:Oo:N,ˈCVC.CV,2,1U,plp,uo,p p,p p,,,l,,,,lp,p,,,p:Ou:Nl:C,,p,u,l, p:Oo:N,p,o,,
100,101,abrigo,aˈbɾiɡo,a:Nˈb:Oɾ:Oi:Nɡ:Oo:N,VˈCCV.CV,3,U1U,bɾɡ,aio,b ɾ ɡ,ɡ,ɡ,ɡ,,b,ɾ,bɾ,bɾ,,,,b:Oɾ:Oi:N,,bɾ,i,,a:N ɡ:Oo:N,ɡ,a o,,
101,102,espalda,esˈpalda,e:Ns:Cˈp:Oa:Nl:Cd:Oa:N,VCˈCVC.CV,3,U1U,spld,eaa,p d,p d,,,s l,,,,ld,,,,p:Oa:Nl:C,,p,a,l,e:Ns:C d:Oa:N,d,e a,s,
102,103,granja,ˈɡɾanxa,ˈɡ:Oɾ:Oa:Nn:Cx:Oa:N,ˈCCVC.CV,2,1U,ɡɾnx,aa,ɡ ɾ x,x,,,n,ɡ,ɾ,ɡɾ,ɡɾ nx,,ɡɾ,,ɡ:Oɾ:Oa:Nn:C,,ɡɾ,a,n, x:Oa:N,x,a,,
103,104,tren,tɾen,t:Oɾ:Oe:Nn:C,CCVC,1,U,tɾn,e,t ɾ,,,,n,t,ɾ,tɾ,tɾ,,tɾ,n,t:Oɾ:Oe:Nn:C,t:Oɾ:Oe:Nn:C,tɾ,e,n,t:Oɾ:Oe:Nn:C,tɾ,e,n,
104,105,cachucha,kaˈʧuʧa,k:Oa:Nˈʧ:Ou:Nʧ:Oa:N,CVˈCV.CV,3,U1U,kʧʧ,aua,k ʧ ʧ,k ʧ ʧ,ʧ,ʧ,,,,,,k,,,ʧ:Ou:N,,ʧ,u,,k:Oa:N ʧ:Oa:N,k ʧ,a a,,
105,106,foca,ˈfoka,ˈf:Oo:Nk:Oa:N,ˈCV.CV,2,1U,fk,oa,f k,f k,k,k,,,,,,f,,,f:Oo:N,,f,o,, k:Oa:N,k,a,,
106,107,Estrella,esˈtɾeʝa,e:Ns:Cˈt:Oɾ:Oe:Nʝ:Oa:N,VCˈCCV.CV,3,U1U,stɾʝ,eea,t ɾ ʝ,ʝ,ʝ,ʝ,s,t,ɾ,tɾ,tɾ,,,,t:Oɾ:Oe:N,,tɾ,e,,e:Ns:C ʝ:Oa:N,ʝ,e a,s,
107,108,gato,ˈɡato,ˈɡ:Oa:Nt:Oo:N,ˈCV.CV,2,1U,ɡt,ao,ɡ t,ɡ t,t,t,,,,,,ɡ,,,ɡ:Oa:N,,ɡ,a,, t:Oo:N,t,o,,
108,109,humo,ˈumo,ˈu:Nm:Oo:N,ˈV.CV,2,1U,m,uo,m,m,m,m,,,,,,,,,u:N,,,u,, m:Oo:N,m,o,,
109,110,bueno,ˈbweno,ˈb:Ow:Oe:Dn:Oo:N,ˈCGV.CV,2,1U,bwn,eo,b w n,n,n,n,,b,w,bw,bw,,bw,,b:Ow:Oe:D,,bw,e,, n:Oo:N,n,o,,
110,111,tuerce,ˈtweɾse,ˈt:Ow:Oe:Nɾ:Cs:Oe:N,ˈCGVC.CV,2,1U,twɾs,ee,t w s,s,,,ɾ,t,w,tw,tw ɾs,,tw,,t:Ow:Oe:Nɾ:C,,tw,e,ɾ, s:Oe:N,s,e,,
111,112,sed,sed,s:Oe:Nd:C,CVC,1,U,sd,e,s,s,,,d,,,,,s,,d,s:Oe:Nd:C,s:Oe:Nd:C,s,e,d,s:Oe:Nd:C,s,e,d,
112,113,quiero,ˈkjeɾo,ˈk:Oj:Oe:Dɾ:Oo:N,ˈCGV.CV,2,1U,kjɾ,eo,k j ɾ,ɾ,ɾ,ɾ,,k,j,kj,kj,,kj,,k:Oj:Oe:D,,kj,e,, ɾ:Oo:N,ɾ,o,,
113,114,nariz,naˈɾis,n:Oa:Nˈɾ:Oi:Ns:C,CVˈCVC,2,U1,nɾs,ai,n ɾ,n ɾ,ɾ,ɾ,s,,,,,n,,s,ɾ:Oi:Ns:C,,ɾ,i,s,n:Oa:N ,n,a,,
114,115,clase,ˈklase,ˈk:Ol:Oa:Ns:Oe:N,ˈCCV.CV,2,1U,kls,ae,k l s,s,s,s,,k,l,kl,kl,,kl,,k:Ol:Oa:N,,kl,a,, s:Oe:N,s,e,,
115,116,bruja,ˈbɾuxa,ˈb:Oɾ:Ou:Nx:Oa:N,ˈCCV.CV,2,1U,bɾx,ua,b ɾ x,x,x,x,,b,ɾ,bɾ,bɾ,,bɾ,,b:Oɾ:Ou:N,,bɾ,u,, x:Oa:N,x,a,,
116,117,ojo,ˈoxo,ˈo:Nx:Oo:N,ˈV.CV,2,1U,x,oo,x,x,x,x,,,,,,,,,o:N,,,o,, x:Oo:N,x,o,,
117,118,escuela,esˈkwela,e:Ns:Cˈk:Ow:Oe:Dl:Oa:N,VCˈCGV.CV,3,U1U,skwl,eea,k w l,l,l,l,s,k,w,kw,kw,,,,k:Ow:Oe:D,,kw,e,,e:Ns:C l:Oa:N,l,e a,s,
118,119,cadena,kaˈdena,k:Oa:Nˈd:Oe:Nn:Oa:N,CVˈCV.CV,3,U1U,kdn,aea,k d n,k d n,d,d,,,,,,k,,,d:Oe:N,,d,e,,k:Oa:N n:Oa:N,k n,a a,,
119,120,hamburguesa,ambuɾˈɡesa,a:Nm:Cb:Ou:Nɾ:Cˈɡ:Oe:Ns:Oa:N,VC.CVCˈCV.CV,4,UU1U,mbɾɡs,auea,b ɡ s,b ɡ s,s,s,m ɾ,,,,mb,,,,ɡ:Oe:N,,ɡ,e,,a:Nm:Cb:Ou:Nɾ:C s:Oa:N,b s,a u a,m ɾ,
120,121,luego,ˈlweɡo,ˈl:Ew:Oe:Nɡ:Oo:N,ˈC.GV.CV,3,1UU,lwɡ,eo,w ɡ,ɡ,ɡ,ɡ,,,,,,,,,,,,,,ˈl:Ew:Oe:Nɡ:Oo:N,w ɡ,e o,,
121,122,princesa,pɾinˈsesa,p:Oɾ:Oi:Nn:Cˈs:Oe:Ns:Oa:N,CCVCˈCV.CV,3,U1U,pɾnss,iea,p ɾ s s,s s,s,s,n,p,ɾ,pɾ,pɾ,,pɾ,,s:Oe:N,,s,e,,p:Oɾ:Oi:Nn:C s:Oa:N,pɾ s,i a,n,
122,123,cocodrilo,kokoˈdɾilo,k:Oo:Nk:Oo:Nˈd:Oɾ:Oi:Nl:Oo:N,CV.CVˈCCV.CV,4,UU1U,kkdɾl,ooio,k k d ɾ l,k k l,k l,k l,,d,ɾ,dɾ,dɾ,k,,,d:Oɾ:Oi:N,,dɾ,i,,k:Oo:Nk:Oo:N l:Oo:N,k k l,o o o,,
123,124,llaves,ˈʝabes,ˈʝ:Oa:Nb:Oe:Ns:C,ˈCV.CVC,2,1U,ʝbs,ae,ʝ b,ʝ b,b,b,s,,,,,ʝ,,s,ʝ:Oa:N,,ʝ,a,, b:Oe:Ns:C,b,e,s,
124,125,burro,ˈburo,ˈb:Ou:Nr:Oo:N,ˈCV.CV,2,1U,br,uo,b r,b r,r,r,,,,,,b,,,b:Ou:N,,b,u,, r:Oo:N,r,o,,
125,126,vaca,ˈbaka,ˈb:Oa:Nk:Oa:N,ˈCV.CV,2,1U,bk,aa,b k,b k,k,k,,,,,,b,,,b:Oa:N,,b,a,, k:Oa:N,k,a,,
126,127,plátanos,ˈplatanos,ˈp:Ol:Oa:Nt:Oa:Nn:Oo:Ns:C,ˈCCV.CV.CVC,3,1UU,pltns,aao,p l t n,t n,t,t,s,p,l,pl,pl,,pl,s,p:Ol:Oa:N,,pl,a,, t:Oa:Nn:Oo:Ns:C,t n,a o,s,
127,128,lienzo,ˈljenso,ˈl:Oj:Oe:Dn:Cs:Oo:N,ˈCGVC.CV,2,1U,ljns,eo,l j s,s,,,n,l,j,lj,lj ns,,lj,,l:Oj:Oe:Dn:C,,lj,e,n, s:Oo:N,s,o,,
128,129,moño,ˈmoɲo,ˈm:Oo:Nɲ:Oo:N,ˈCV.CV,2,1U,mɲ,oo,m ɲ,m ɲ,ɲ,ɲ,,,,,,m,,,m:Oo:N,,m,o,, ɲ:Oo:N,ɲ,o,,
129,130,hielo,ˈjelo,ˈj:Oe:Dl:Oo:N,ˈGV.CV,2,1U,jl,eo,j l,j l,l,l,,,,,,j,,,j:Oe:D,,j,e,, l:Oo:N,l,o,,
130,131,no,no,n:Oo:N,CV,1,U,n,o,n,n,,,,,,,,n,,,n:Oo:N,n:Oo:N,n,o,,n:Oo:N,n,o,,
131,132,plato,ˈplato,ˈp:Ol:Oa:Nt:Oo:N,ˈCCV.CV,2,1U,plt,ao,p l t,t,t,t,,p,l,pl,pl,,pl,,p:Ol:Oa:N,,pl,a,, t:Oo:N,t,o,,
132,133,blanco,ˈblanko,ˈb:Ol:Oa:Nn:Ck:Oo:N,ˈCCVC.CV,2,1U,blnk,ao,b l k,k,,,n,b,l,bl,bl nk,,bl,,b:Ol:Oa:Nn:C,,bl,a,n, k:Oo:N,k,o,,
133,134,fresa,ˈfɾesa,ˈf:Oɾ:Oe:Ns:Oa:N,ˈCCV.CV,2,1U,fɾs,ea,f ɾ s,s,s,s,,f,ɾ,fɾ,fɾ,,fɾ,,f:Oɾ:Oe:N,,fɾ,e,, s:Oa:N,s,a,,
134,135,oído,oˈido,o:Nˈi:Nd:Oo:N,VˈV.CV,3,U1U,d,oio,d,d,d,d,,,,,,,,,i:N,,,i,,o:N d:Oo:N,d,o o,,
135,136,albóndiga,alˈbondiɡa,a:Nl:Cˈb:Oo:Nn:Cd:Oi:Nɡ:Oa:N,VCˈCVC.CV.CV,4,U1UU,lbndɡ,aoia,b d ɡ,b d ɡ,ɡ,ɡ,l n,,,,nd,,,,b:Oo:Nn:C,,b,o,n,a:Nl:C d:Oi:Nɡ:Oa:N,d ɡ,a i a,l,
136,137,boca,ˈboka,ˈb:Oo:Nk:Oa:N,ˈCV.CV,2,1U,bk,oa,b k,b k,k,k,,,,,,b,,,b:Oo:N,,b,o,, k:Oa:N,k,a,,
137,138,lengua,ˈlenɡwa,ˈl:Oe:Nn:Cɡ:Ow:Oa:N,ˈCVC.CGV,2,1U,lnɡw,ea,l ɡ w,l,,,n,ɡ,w,ɡw,nɡw,l,,,l:Oe:Nn:C,,l,e,n, ɡ:Ow:Oa:N,ɡw,a,,
138,139,riendo,ˈrjendo,ˈr:Oj:Oe:Dn:Cd:Oo:N,ˈCGVC.CV,2,1U,rjnd,eo,r j d,d,,,n,r,j,rj,rj nd,,rj,,r:Oj:Oe:Dn:C,,rj,e,n, d:Oo:N,d,o,,
139,140,pastel,pasˈtel,p:Oa:Ns:Cˈt:Oe:Nl:C,CVCˈCVC,2,U1,pstl,ae,p t,p t,,,s l,,,,,p,,l,t:Oe:Nl:C,,t,e,l,p:Oa:Ns:C ,p,a,s,
140,141,acrobacia,akɾoˈbasja,a:Nk:Oɾ:Oo:Nˈb:Oa:Ns:Oj:Oa:D,V.CCVˈCV.CGV,4,UU1U,kɾbsj,aoaa,k ɾ b s j,b,b,b,,k s,ɾ j,kɾ sj,kɾ sj,,,,b:Oa:N,,b,a,,a:Nk:Oɾ:Oo:N s:Oj:Oa:D,kɾ sj,a o a,,
141,142,lápiz,ˈlapis,ˈl:Oa:Np:Oi:Ns:C,ˈCV.CVC,2,1U,lps,ai,l p,l p,p,p,s,,,,,l,,s,l:Oa:N,,l,a,, p:Oi:Ns:C,p,i,s,
142,143,huevos,ˈwebos,ˈw:Oe:Db:Oo:Ns:C,ˈGV.CVC,2,1U,wbs,eo,w b,w b,b,b,s,,,,,w,,s,w:Oe:D,,w,e,, b:Oo:Ns:C,b,o,s,
143,144,presidente,pɾesiˈdente,p:Oɾ:Oe:Ns:Oi:Nˈd:Oe:Nn:Ct:Oe:N,CCV.CVˈCVC.CV,4,UU1U,pɾsdnt,eiee,p ɾ s d t,s d t,s,s,n,p,ɾ,pɾ,pɾ nt,,pɾ,,d:Oe:Nn:C,,d,e,n,p:Oɾ:Oe:Ns:Oi:N t:Oe:N,pɾ s t,e i e,,
144,145,elefante,eleˈfante,e:Nl:Oe:Nˈf:Oa:Nn:Ct:Oe:N,V.CVˈCVC.CV,4,UU1U,lfnt,eeae,l f t,l f t,l,l,n,,,,nt,,,,f:Oa:Nn:C,,f,a,n,e:Nl:Oe:N t:Oe:N,l t,e e e,,
145,146,piedra,ˈpjedɾa,ˈp:Oj:Oe:Dd:Oɾ:Oa:N,ˈCGV.CCV,2,1U,pjdɾ,ea,p j d ɾ,,,,,p d,j ɾ,pj dɾ,pj dɾ,,pj,,p:Oj:Oe:D,,pj,e,, d:Oɾ:Oa:N,dɾ,a,,
146,147,buendía,bwenˈdia,b:Ow:Oe:Nn:Cˈd:Oi:Na:N,CGVCˈCV.V,3,U1U,bwnd,eia,b w d,d,,,n,b,w,bw,bw,,bw,,d:Oi:N,,d,i,,b:Ow:Oe:Nn:C a:N,bw,e a,n,
147,148,quién,kjen,k:Oj:Oe:Dn:C,CGVC,1,U,kjn,e,k j,,,,n,k,j,kj,kj,,kj,n,k:Oj:Oe:Dn:C,k:Oj:Oe:Dn:C,kj,e,n,k:Oj:Oe:Dn:C,kj,e,n,
148,149,glotón,ɡloˈton,ɡ:Ol:Oo:Nˈt:Oo:Nn:C,CCVˈCVC,2,U1,ɡltn,oo,ɡ l t,t,t,t,n,ɡ,l,ɡl,ɡl,,ɡl,n,t:Oo:Nn:C,,t,o,n,ɡ:Ol:Oo:N ,ɡl,o,,
149,150,té,te,t:Oe:N,CV,1,U,t,e,t,t,,,,,,,,t,,,t:Oe:N,t:Oe:N,t,e,,t:Oe:N,t,e,,
150,151,tía,ˈtia,ˈt:Oi:Na:N,ˈCV.V,2,1U,t,ia,t,t,,,,,,,,t,,,t:Oi:N,,t,i,, a:N,,a,,
151,152,llueve,ˈʝwebe,ˈʝ:Ow:Oe:Db:Oe:N,ˈCGV.CV,2,1U,ʝwb,ee,ʝ w b,b,b,b,,ʝ,w,ʝw,ʝw,,ʝw,,ʝ:Ow:Oe:D,,ʝw,e,, b:Oe:N,b,e,,
152,153,crema,ˈkɾema,ˈk:Oɾ:Oe:Nm:Oa:N,ˈCCV.CV,2,1U,kɾm,ea,k ɾ m,m,m,m,,k,ɾ,kɾ,kɾ,,kɾ,,k:Oɾ:Oe:N,,kɾ,e,, m:Oa:N,m,a,,
153,154,suave,ˈswabe,ˈs:Ow:Oa:Db:Oe:N,ˈCGV.CV,2,1U,swb,ae,s w b,b,b,b,,s,w,sw,sw,,sw,,s:Ow:Oa:D,,sw,a,, b:Oe:N,b,e,,
154,155,llanta,ˈʝanta,ˈʝ:Oa:Nn:Ct:Oa:N,ˈCVC.CV,2,1U,ʝnt,aa,ʝ t,ʝ t,,,n,,,,nt,ʝ,,,ʝ:Oa:Nn:C,,ʝ,a,n, t:Oa:N,t,a,,
155,156,raíz,raˈis,r:Oa:Nˈi:Ns:C,CVˈVC,2,U1,rs,ai,r,r,,,s,,,,,r,,s,i:Ns:C,,,i,s,r:Oa:N ,r,a,,
156,157,tina,ˈtina,ˈt:Oi:Nn:Oa:N,ˈCV.CV,2,1U,tn,ia,t n,t n,n,n,,,,,,t,,,t:Oi:N,,t,i,, n:Oa:N,n,a,,
157,158,jabón,xaˈbon,x:Oa:Nˈb:Oo:Nn:C,CVˈCVC,2,U1,xbn,ao,x b,x b,b,b,n,,,,,x,,n,b:Oo:Nn:C,,b,o,n,x:Oa:N ,x,a,,
158,159,pie,pje,p:Oj:Oe:D,CGV,1,U,pj,e,p j,,,,,p,j,pj,pj,,pj,,p:Oj:Oe:D,p:Oj:Oe:D,pj,e,,p:Oj:Oe:D,pj,e,,
159,160,nuevo,ˈnwebo,ˈn:Ow:Oe:Db:Oo:N,ˈCGV.CV,2,1U,nwb,eo,n w b,b,b,b,,n,w,nw,nw,,nw,,n:Ow:Oe:D,,nw,e,, b:Oo:N,b,o,,
160,161,rana,ˈrana,ˈr:Oa:Nn:Oa:N,ˈCV.CV,2,1U,rn,aa,r n,r n,n,n,,,,,,r,,,r:Oa:N,,r,a,, n:Oa:N,n,a,,
161,162,tierra,ˈtjera,ˈt:Oj:Oe:Dr:Oa:N,ˈCGV.CV,2,1U,tjr,ea,t j r,r,r,r,,t,j,tj,tj,,tj,,t:Oj:Oe:D,,tj,e,, r:Oa:N,r,a,,
162,163,frío,ˈfɾio,ˈf:Oɾ:Oi:No:N,ˈCCV.V,2,1U,fɾ,io,f ɾ,,,,,f,ɾ,fɾ,fɾ,,fɾ,,f:Oɾ:Oi:N,,fɾ,i,, o:N,,o,,
163,164,lentes,ˈlentes,ˈl:Oe:Nn:Ct:Oe:Ns:C,ˈCVC.CVC,2,1U,lnts,ee,l t,l t,,,n s,,,,nt,l,,s,l:Oe:Nn:C,,l,e,n, t:Oe:Ns:C,t,e,s,
164,165,reloj,reˈlox,r:Oe:Nˈl:Oo:Nx:C,CVˈCVC,2,U1,rlx,eo,r l,r l,l,l,x,,,,,r,,x,l:Oo:Nx:C,,l,o,x,r:Oe:N ,r,e,,
165,166,diente,ˈdjente,ˈd:Oj:Oe:Dn:Ct:Oe:N,ˈCGVC.CV,2,1U,djnt,ee,d j t,t,,,n,d,j,dj,dj nt,,dj,,d:Oj:Oe:Dn:C,,dj,e,n, t:Oe:N,t,e,,
166,167,leche,ˈleʧe,ˈl:Oe:Nʧ:Oe:N,ˈCV.CV,2,1U,lʧ,ee,l ʧ,l ʧ,ʧ,ʧ,,,,,,l,,,l:Oe:N,,l,e,, ʧ:Oe:N,ʧ,e,,
167,168,cama,ˈkama,ˈk:Oa:Nm:Oa:N,ˈCV.CV,2,1U,km,aa,k m,k m,m,m,,,,,,k,,,k:Oa:N,,k,a,, m:Oa:N,m,a,,
168,169,rey,rej,r:Oe:Dj:D,CVG,1,U,rj,e,r,r,,,,,,,,r,,,r:Oe:Dj:D,r:Oe:Dj:D,r,ej,,r:Oe:Dj:D,r,ej,,
169,170,gancho,ˈɡanʧo,ˈɡ:Oa:Nn:Cʧ:Oo:N,ˈCVC.CV,2,1U,ɡnʧ,ao,ɡ ʧ,ɡ ʧ,,,n,,,,nʧ,ɡ,,,ɡ:Oa:Nn:C,,ɡ,a,n, ʧ:Oo:N,ʧ,o,,
170,171,tráfico,ˈtɾafiko,ˈt:Oɾ:Oa:Nf:Oi:Nk:Oo:N,ˈCCV.CV.CV,3,1UU,tɾfk,aio,t ɾ f k,f k,f,f,,t,ɾ,tɾ,tɾ,,tɾ,,t:Oɾ:Oa:N,,tɾ,a,, f:Oi:Nk:Oo:N,f k,i o,,
171,172,rojo,ˈroxo,ˈr:Oo:Nx:Oo:N,ˈCV.CV,2,1U,rx,oo,r x,r x,x,x,,,,,,r,,,r:Oo:N,,r,o,, x:Oo:N,x,o,,
172,173,izquierda,isˈkjeɾda,i:Ns:Cˈk:Oj:Oe:Dɾ:Cd:Oa:N,VCˈCGVC.CV,3,U1U,skjɾd,iea,k j d,d,,,s ɾ,k,j,kj,kj ɾd,,,,k:Oj:Oe:Dɾ:C,,kj,e,ɾ,i:Ns:C d:Oa:N,d,i a,s,
173,174,ruido,ˈrwido,ˈr:Ew:Oi:Nd:Oo:N,ˈC.GV.CV,3,1UU,rwd,io,w d,d,d,d,,,,,,,,,,,,,,ˈr:Ew:Oi:Nd:Oo:N,w d,i o,,
174,175,salmón,salˈmon,s:Oa:Nl:Cˈm:Oo:Nn:C,CVCˈCVC,2,U1,slmn,ao,s m,s m,,,l n,,,,,s,,n,m:Oo:Nn:C,,m,o,n,s:Oa:Nl:C ,s,a,l,
175,176,espejo,esˈpexo,e:Ns:Cˈp:Oe:Nx:Oo:N,VCˈCV.CV,3,U1U,spx,eeo,p x,p x,x,x,s,,,,,,,,p:Oe:N,,p,e,,e:Ns:C x:Oo:N,x,e o,s,
176,177,flecha,ˈfleʧa,ˈf:Ol:Oe:Nʧ:Oa:N,ˈCCV.CV,2,1U,flʧ,ea,f l ʧ,ʧ,ʧ,ʧ,,f,l,fl,fl,,fl,,f:Ol:Oe:N,,fl,e,, ʧ:Oa:N,ʧ,a,,
177,178,sombrero,somˈbɾeɾo,s:Oo:Nm:Cˈb:Oɾ:Oe:Nɾ:Oo:N,CVCˈCCV.CV,3,U1U,smbɾɾ,oeo,s b ɾ ɾ,s ɾ,ɾ,ɾ,m,b,ɾ,bɾ,bɾ,s,,,b:Oɾ:Oe:N,,bɾ,e,,s:Oo:Nm:C ɾ:Oo:N,s ɾ,o o,m,
178,179,inglés,inˈɡles,i:Nn:Cˈɡ:Ol:Oe:Ns:C,VCˈCCVC,2,U1,nɡls,ie,ɡ l,,,,n s,ɡ,l,ɡl,ɡl,,,s,ɡ:Ol:Oe:Ns:C,,ɡl,e,s,i:Nn:C ,,i,n,
179,180,chef,ʧef,ʧ:Oe:Nf:C,CVC,1,U,ʧf,e,ʧ,ʧ,,,f,,,,,ʧ,,f,ʧ:Oe:Nf:C,ʧ:Oe:Nf:C,ʧ,e,f,ʧ:Oe:Nf:C,ʧ,e,f,
180,181,teléfono,teˈlefono,t:Oe:Nˈl:Oe:Nf:Oo:Nn:Oo:N,CVˈCV.CV.CV,4,U1UU,tlfn,eeoo,t l f n,t l f n,l n,l n,,,,,,t,,,l:Oe:N,,l,e,,t:Oe:N f:Oo:Nn:Oo:N,t f n,e o o,,
181,182,piano,ˈpjano,ˈp:Oj:Oa:Dn:Oo:N,ˈCGV.CV,2,1U,pjn,ao,p j n,n,n,n,,p,j,pj,pj,,pj,,p:Oj:Oa:D,,pj,a,, n:Oo:N,n,o,,
182,183,cachetes,kaˈʧetes,k:Oa:Nˈʧ:Oe:Nt:Oe:Ns:C,CVˈCV.CVC,3,U1U,kʧts,aee,k ʧ t,k ʧ t,ʧ,ʧ,s,,,,,k,,s,ʧ:Oe:N,,ʧ,e,,k:Oa:N t:Oe:Ns:C,k t,a e,s,
183,184,tienda,ˈtjenda,ˈt:Oj:Oe:Dn:Cd:Oa:N,ˈCGVC.CV,2,1U,tjnd,ea,t j d,d,,,n,t,j,tj,tj nd,,tj,,t:Oj:Oe:Dn:C,,tj,e,n, d:Oa:N,d,a,,
184,185,llama,ˈʝama,ˈʝ:Oa:Nm:Oa:N,ˈCV.CV,2,1U,ʝm,aa,ʝ m,ʝ m,m,m,,,,,,ʝ,,,ʝ:Oa:N,,ʝ,a,, m:Oa:N,m,a,,
185,186,fantasma,fanˈtasma,f:Oa:Nn:Cˈt:Oa:Ns:Cm:Oa:N,CVCˈCVC.CV,3,U1U,fntsm,aaa,f t m,f t m,,,n s,,,,sm,f,,,t:Oa:Ns:C,,t,a,s,f:Oa:Nn:C m:Oa:N,f m,a a,n,
186,187,viejo,ˈbjexo,ˈb:Oj:Oe:Dx:Oo:N,ˈCGV.CV,2,1U,bjx,eo,b j x,x,x,x,,b,j,bj,bj,,bj,,b:Oj:Oe:D,,bj,e,, x:Oo:N,x,o,,
187,188,algodón,alɡoˈdon,a:Nl:Cɡ:Oo:Nˈd:Oo:Nn:C,VC.CVˈCVC,3,UU1,lɡdn,aoo,ɡ d,ɡ d,d,d,l n,,,,lɡ,,,n,d:Oo:Nn:C,,d,o,n,a:Nl:Cɡ:Oo:N ,ɡ,a o,l,
188,189,tigre,ˈtiɡɾe,ˈt:Oi:Nɡ:Oɾ:Oe:N,ˈCV.CCV,2,1U,tɡɾ,ie,t ɡ ɾ,t,,,,ɡ,ɾ,ɡɾ,ɡɾ,t,,,t:Oi:N,,t,i,, ɡ:Oɾ:Oe:N,ɡɾ,e,,
189,190,familia,faˈmilja,f:Oa:Nˈm:Oi:Nl:Oj:Oa:D,CVˈCV.CGV,3,U1U,fmlj,aia,f m l j,f m,m,m,,l,j,lj,lj,f,,,m:Oi:N,,m,i,,f:Oa:N l:Oj:Oa:D,f lj,a a,,
190,191,dulce,ˈdulse,ˈd:Ou:Nl:Cs:Oe:N,ˈCVC.CV,2,1U,dls,ue,d s,d s,,,l,,,,ls,d,,,d:Ou:Nl:C,,d,u,l, s:Oe:N,s,e,,
191,192,gente,ˈxente,ˈx:Oe:Nn:Ct:Oe:N,ˈCVC.CV,2,1U,xnt,ee,x t,x t,,,n,,,,nt,x,,,x:Oe:Nn:C,,x,e,n, t:Oe:N,t,e,,
192,193,feliz,feˈlis,f:Oe:Nˈl:Oi:Ns:C,CVˈCVC,2,U1,fls,ei,f l,f l,l,l,s,,,,,f,,s,l:Oi:Ns:C,,l,i,s,f:Oe:N ,f,e,,
193,194,manzana,manˈsana,m:Oa:Nn:Cˈs:Oa:Nn:Oa:N,CVCˈCV.CV,3,U1U,mnsn,aaa,m s n,m s n,n,n,n,,,,,m,,,s:Oa:N,,s,a,,m:Oa:Nn:C n:Oa:N,m n,a a,n,
194,195,búho,ˈbuo,ˈb:Ou:No:N,ˈCV.V,2,1U,b,uo,b,b,,,,,,,,b,,,b:Ou:N,,b,u,, o:N,,o,,
195,196,buey,bwej,b:Ow:Oe:Dj:D,CGVG,1,U,bwj,e,b w,,,,,b,w,bw,bw,,bw,,b:Ow:Oe:Dj:D,b:Ow:Oe:Dj:D,bw,ej,,b:Ow:Oe:Dj:D,bw,ej,,
196,197,arroz,aˈros,a:Nˈr:Oo:Ns:C,VˈCVC,2,U1,rs,ao,r,r,r,r,s,,,,,,,s,r:Oo:Ns:C,,r,o,s,a:N ,,a,,
197,198,unicornio,uniˈkoɾnjo,u:Nn:Oi:Nˈk:Oo:Nɾ:Cn:Oj:Oo:D,V.CVˈCVC.CGV,4,UU1U,nkɾnj,uioo,n k n j,n k,n,n,ɾ,n,j,nj,ɾnj,,,,k:Oo:Nɾ:C,,k,o,ɾ,u:Nn:Oi:N n:Oj:Oo:D,n nj,u i o,,
198,199,tiene,ˈtjene,ˈt:Oj:Oe:Dn:Oe:N,ˈCGV.CV,2,1U,tjn,ee,t j n,n,n,n,,t,j,tj,tj,,tj,,t:Oj:Oe:D,,tj,e,, n:Oe:N,n,e,,
199,200,niña,ˈniɲa,ˈn:Oi:Nɲ:Oa:N,ˈCV.CV,2,1U,nɲ,ia,n ɲ,n ɲ,ɲ,ɲ,,,,,,n,,,n:Oi:N,,n,i,, ɲ:Oa:N,ɲ,a,,
200,201,bombero,bomˈbeɾo,b:Oo:Nm:Cˈb:Oe:Nɾ:Oo:N,CVCˈCV.CV,3,U1U,bmbɾ,oeo,b b ɾ,b b ɾ,ɾ,ɾ,m,,,,,b,,,b:Oe:N,,b,e,,b:Oo:Nm:C ɾ:Oo:N,b ɾ,o o,m,
201,202,diez,djes,d:Oj:Oe:Ds:C,CGVC,1,U,djs,e,d j,,,,s,d,j,dj,dj,,dj,s,d:Oj:Oe:Ds:C,d:Oj:Oe:Ds:C,dj,e,s,d:Oj:Oe:Ds:C,dj,e,s,
202,203,llorando,ʝoˈɾando,ʝ:Oo:Nˈɾ:Oa:Nn:Cd:Oo:N,CVˈCVC.CV,3,U1U,ʝɾnd,oao,ʝ ɾ d,ʝ ɾ d,ɾ,ɾ,n,,,,nd,ʝ,,,ɾ:Oa:Nn:C,,ɾ,a,n,ʝ:Oo:N d:Oo:N,ʝ d,o o,,
203,204,bloque,ˈbloke,ˈb:Ol:Oo:Nk:Oe:N,ˈCCV.CV,2,1U,blk,oe,b l k,k,k,k,,b,l,bl,bl,,bl,,b:Ol:Oo:N,,bl,o,, k:Oe:N,k,e,,
204,205,enfrente,enˈfɾente,e:Nn:Cˈf:Oɾ:Oe:Nn:Ct:Oe:N,VCˈCCVC.CV,3,U1U,nfɾnt,eee,f ɾ t,t,,,n n,f,ɾ,fɾ,fɾ nt,,,,f:Oɾ:Oe:Nn:C,,fɾ,e,n,e:Nn:C t:Oe:N,t,e e,n,
205,206,perro,ˈpero,ˈp:Oe:Nr:Oo:N,ˈCV.CV,2,1U,pr,eo,p r,p r,r,r,,,,,,p,,,p:Oe:N,,p,e,, r:Oo:N,r,o,,
206,207,catorce,kaˈtoɾse,k:Oa:Nˈt:Oo:Nɾ:Cs:Oe:N,CVˈCVC.CV,3,U1U,ktɾs,aoe,k t s,k t s,t,t,ɾ,,,,ɾs,k,,,t:Oo:Nɾ:C,,t,o,ɾ,k:Oa:N s:Oe:N,k s,a e,,
207,208,brinca,ˈbɾinka,ˈb:Oɾ:Oi:Nn:Ck:Oa:N,ˈCCVC.CV,2,1U,bɾnk,ia,b ɾ k,k,,,n,b,ɾ,bɾ,bɾ nk,,bɾ,,b:Oɾ:Oi:Nn:C,,bɾ,i,n, k:Oa:N,k,a,,
208,209,cumpleaños,kumpleˈaɲos,k:Ou:Nm:Cp:Ol:Oe:Nˈa:Nɲ:Oo:Ns:C,CVC.CCVˈV.CVC,4,UU1U,kmplɲs,ueao,k p l ɲ,k ɲ,ɲ,ɲ,m s,p,l,pl,mpl,k,,s,a:N,,,a,,k:Ou:Nm:Cp:Ol:Oe:N ɲ:Oo:Ns:C,k pl ɲ,u e o,m s,
209,210,rueda,ˈrweda,ˈr:Ew:Oe:Nd:Oa:N,ˈC.GV.CV,3,1UU,rwd,ea,w d,d,d,d,,,,,,,,,,,,,,ˈr:Ew:Oe:Nd:Oa:N,w d,e a,,
210,211,queso,ˈkeso,ˈk:Oe:Ns:Oo:N,ˈCV.CV,2,1U,ks,eo,k s,k s,s,s,,,,,,k,,,k:Oe:N,,k,e,, s:Oo:N,s,o,,
211,212,chanclas,ˈʧanklas,ˈʧ:Oa:Nn:Ck:Ol:Oa:Ns:C,ˈCVC.CCVC,2,1U,ʧnkls,aa,ʧ k l,ʧ,,,n s,k,l,kl,nkl,ʧ,,s,ʧ:Oa:Nn:C,,ʧ,a,n, k:Ol:Oa:Ns:C,kl,a,s,
212,213,hoy,oj,o:Dj:D,VG,1,U,j,o,,,,,,,,,,,,,o:Dj:D,o:Dj:D,,oj,,o:Dj:D,,oj,,
213,214,dragón,dɾaˈɡon,d:Oɾ:Oa:Nˈɡ:Oo:Nn:C,CCVˈCVC,2,U1,dɾɡn,ao,d ɾ ɡ,ɡ,ɡ,ɡ,n,d,ɾ,dɾ,dɾ,,dɾ,n,ɡ:Oo:Nn:C,,ɡ,o,n,d:Oɾ:Oa:N ,dɾ,a,,
214,215,tuétano,ˈtwetano,ˈt:Ow:Oe:Nt:Oa:Nn:Oo:N,ˈCGV.CV.CV,3,1UU,twtn,eao,t w t n,t n,t,t,,t,w,tw,tw,,tw,,t:Ow:Oe:N,,tw,e,, t:Oa:Nn:Oo:N,t n,a o,,
215,216,jirafa,xiˈɾafa,x:Oi:Nˈɾ:Oa:Nf:Oa:N,CVˈCV.CV,3,U1U,xɾf,iaa,x ɾ f,x ɾ f,ɾ,ɾ,,,,,,x,,,ɾ:Oa:N,,ɾ,a,,x:Oi:N f:Oa:N,x f,i a,,
216,217,portero,poɾˈteɾo,p:Oo:Nɾ:Cˈt:Oe:Nɾ:Oo:N,CVCˈCV.CV,3,U1U,pɾtɾ,oeo,p t ɾ,p t ɾ,ɾ,ɾ,ɾ,,,,,p,,,t:Oe:N,,t,e,,p:Oo:Nɾ:C ɾ:Oo:N,p ɾ,o o,ɾ,
217,218,volcán,bolˈkan,b:Oo:Nl:Cˈk:Oa:Nn:C,CVCˈCVC,2,U1,blkn,oa,b k,b k,,,l n,,,,,b,,n,k:Oa:Nn:C,,k,a,n,b:Oo:Nl:C ,b,o,l,
218,219,espuma,esˈpuma,e:Ns:Cˈp:Ou:Nm:Oa:N,VCˈCV.CV,3,U1U,spm,eua,p m,p m,m,m,s,,,,,,,,p:Ou:N,,p,u,,e:Ns:C m:Oa:N,m,e a,s,
219,220,frente,ˈfɾente,ˈf:Oɾ:Oe:Nn:Ct:Oe:N,ˈCCVC.CV,2,1U,fɾnt,ee,f ɾ t,t,,,n,f,ɾ,fɾ,fɾ nt,,fɾ,,f:Oɾ:Oe:Nn:C,,fɾ,e,n, t:Oe:N,t,e,,
220,221,fútbol,ˈfutbol,ˈf:Ou:Nt:Cb:Oo:Nl:C,ˈCVC.CVC,2,1U,ftbl,uo,f b,f b,,,t l,,,,tb,f,,l,f:Ou:Nt:C,,f,u,t, b:Oo:Nl:C,b,o,l,
221,222,araña,aˈɾaɲa,a:Nˈɾ:Oa:Nɲ:Oa:N,VˈCV.CV,3,U1U,ɾɲ,aaa,ɾ ɲ,ɾ ɲ,ɾ,ɾ,,,,,,,,,ɾ:Oa:N,,ɾ,a,,a:N ɲ:Oa:N,ɲ,a a,,
222,223,mueca,ˈmweka,ˈm:Ow:Oe:Dk:Oa:N,ˈCGV.CV,2,1U,mwk,ea,m w k,k,k,k,,m,w,mw,mw,,mw,,m:Ow:Oe:D,,mw,e,, k:Oa:N,k,a,,
223,224,fiebre,ˈfjebɾe,ˈf:Oj:Oe:Db:Oɾ:Oe:N,ˈCGV.CCV,2,1U,fjbɾ,ee,f j b ɾ,,,,,f b,j ɾ,fj bɾ,fj bɾ,,fj,,f:Oj:Oe:D,,fj,e,, b:Oɾ:Oe:N,bɾ,e,,
224,225,chicle,ˈʧikle,ˈʧ:Oi:Nk:Ol:Oe:N,ˈCV.CCV,2,1U,ʧkl,ie,ʧ k l,ʧ,,,,k,l,kl,kl,ʧ,,,ʧ:Oi:N,,ʧ,i,, k:Ol:Oe:N,kl,e,,
225,226,gallo,ˈɡaʝo,ˈɡ:Oa:Nʝ:Oo:N,ˈCV.CV,2,1U,ɡʝ,ao,ɡ ʝ,ɡ ʝ,ʝ,ʝ,,,,,,ɡ,,,ɡ:Oa:N,,ɡ,a,, ʝ:Oo:N,ʝ,o,,
226,227,verde,ˈbeɾde,ˈb:Oe:Nɾ:Cd:Oe:N,ˈCVC.CV,2,1U,bɾd,ee,b d,b d,,,ɾ,,,,ɾd,b,,,b:Oe:Nɾ:C,,b,e,ɾ, d:Oe:N,d,e,,
227,228,mecate,meˈkate,m:Oe:Nˈk:Oa:Nt:Oe:N,CVˈCV.CV,3,U1U,mkt,eae,m k t,m k t,k,k,,,,,,m,,,k:Oa:N,,k,a,,m:Oe:N t:Oe:N,m t,e e,,
228,229,tuerca,ˈtweɾka,ˈt:Ow:Oe:Nɾ:Ck:Oa:N,ˈCGVC.CV,2,1U,twɾk,ea,t w k,k,,,ɾ,t,w,tw,tw ɾk,,tw,,t:Ow:Oe:Nɾ:C,,tw,e,ɾ, k:Oa:N,k,a,,
229,230,fuera,ˈfweɾa,ˈf:Ow:Oe:Dɾ:Oa:N,ˈCGV.CV,2,1U,fwɾ,ea,f w ɾ,ɾ,ɾ,ɾ,,f,w,fw,fw,,fw,,f:Ow:Oe:D,,fw,e,, ɾ:Oa:N,ɾ,a,,
230,231,yoyo,ˈʝoʝo,ˈʝ:Oo:Nʝ:Oo:N,ˈCV.CV,2,1U,ʝʝ,oo,ʝ ʝ,ʝ ʝ,ʝ,ʝ,,,,,,ʝ,,,ʝ:Oo:N,,ʝ,o,, ʝ:Oo:N,ʝ,o,,
231,232,pulmón,pulˈmon,p:Ou:Nl:Cˈm:Oo:Nn:C,CVCˈCVC,2,U1,plmn,uo,p m,p m,,,l n,,,,,p,,n,m:Oo:Nn:C,,m,o,n,p:Ou:Nl:C ,p,u,l,
232,233,gordo,ˈɡoɾdo,ˈɡ:Oo:Nɾ:Cd:Oo:N,ˈCVC.CV,2,1U,ɡɾd,oo,ɡ d,ɡ d,,,ɾ,,,,ɾd,ɡ,,,ɡ:Oo:Nɾ:C,,ɡ,o,ɾ, d:Oo:N,d,o,,
233,234,nueve,ˈnwebe,ˈn:Ow:Oe:Db:Oe:N,ˈCGV.CV,2,1U,nwb,ee,n w b,b,b,b,,n,w,nw,nw,,nw,,n:Ow:Oe:D,,nw,e,, b:Oe:N,b,e,,
234,235,árbol,ˈaɾbol,ˈa:Nɾ:Cb:Oo:Nl:C,ˈVC.CVC,2,1U,ɾbl,ao,b,b,,,ɾ l,,,,ɾb,,,l,a:Nɾ:C,,,a,ɾ, b:Oo:Nl:C,b,o,l,
235,236,árboles,ˈaɾboles,ˈa:Nɾ:Cb:Oo:Nl:Oe:Ns:C,ˈVC.CV.CVC,3,1UU,ɾbls,aoe,b l,b l,l,l,ɾ s,,,,ɾb,,,s,a:Nɾ:C,,,a,ɾ, b:Oo:Nl:Oe:Ns:C,b l,o e,s,
236,237,camarón,kamaˈɾon,k:Oa:Nm:Oa:Nˈɾ:Oo:Nn:C,CV.CVˈCVC,3,UU1,kmɾn,aao,k m ɾ,k m ɾ,m,m,n,,,,,k,,n,ɾ:Oo:Nn:C,,ɾ,o,n,k:Oa:Nm:Oa:N ,k m,a a,,
237,238,camarones,kamaˈɾones,k:Oa:Nm:Oa:Nˈɾ:Oo:Nn:Oe:Ns:C,CV.CVˈCV.CVC,4,UU1U,kmɾns,aaoe,k m ɾ n,k m ɾ n,m n,m n,s,,,,,k,,s,ɾ:Oo:N,,ɾ,o,,k:Oa:Nm:Oa:N n:Oe:Ns:C,k m n,a a e,s,
238,239,flor,floɾ,f:Ol:Oo:Nɾ:C,CCVC,1,U,flɾ,o,f l,,,,ɾ,f,l,fl,fl,,fl,ɾ,f:Ol:Oo:Nɾ:C,f:Ol:Oo:Nɾ:C,fl,o,ɾ,f:Ol:Oo:Nɾ:C,fl,o,ɾ,
239,240,flores,ˈfloɾes,ˈf:Ol:Oo:Nɾ:Oe:Ns:C,ˈCCV.CVC,2,1U,flɾs,oe,f l ɾ,ɾ,ɾ,ɾ,s,f,l,fl,fl,,fl,s,f:Ol:Oo:N,,fl,o,, ɾ:Oe:Ns:C,ɾ,e,s,
240,241,luz,lus,l:Ou:Ns:C,CVC,1,U,ls,u,l,l,,,s,,,,,l,,s,l:Ou:Ns:C,l:Ou:Ns:C,l,u,s,l:Ou:Ns:C,l,u,s,
241,242,luces,ˈluses,ˈl:Ou:Ns:Oe:Ns:C,ˈCV.CVC,2,1U,lss,ue,l s,l s,s,s,s,,,,,l,,s,l:Ou:N,,l,u,, s:Oe:Ns:C,s,e,s,
242,243,nopal,noˈpal,n:Oo:Nˈp:Oa:Nl:C,CVˈCVC,2,U1,npl,oa,n p,n p,p,p,l,,,,,n,,l,p:Oa:Nl:C,,p,a,l,n:Oo:N ,n,o,,
243,244,nopales,noˈpales,n:Oo:Nˈp:Oa:Nl:Oe:Ns:C,CVˈCV.CVC,3,U1U,npls,oae,n p l,n p l,p,p,s,,,,,n,,s,p:Oa:N,,p,a,,n:Oo:N l:Oe:Ns:C,n l,o e,s,
244,245,pared,paˈɾed,p:Oa:Nˈɾ:Oe:Nd:C,CVˈCVC,2,U1,pɾd,ae,p ɾ,p ɾ,ɾ,ɾ,d,,,,,p,,d,ɾ:Oe:Nd:C,,ɾ,e,d,p:Oa:N ,p,a,,
245,246,paredes,paˈɾedes,p:Oa:Nˈɾ:Oe:Nd:Oe:Ns:C,CVˈCV.CVC,3,U1U,pɾds,aee,p ɾ d,p ɾ d,ɾ,ɾ,s,,,,,p,,s,ɾ:Oe:N,,ɾ,e,,p:Oa:N d:Oe:Ns:C,p d,a e,s,
246,247,sartén,saɾˈten,s:Oa:Nɾ:Cˈt:Oe:Nn:C,CVCˈCVC,2,U1,sɾtn,ae,s t,s t,,,ɾ n,,,,,s,,n,t:Oe:Nn:C,,t,e,n,s:Oa:Nɾ:C ,s,a,ɾ,
247,248,sartenes,saɾˈtenes,s:Oa:Nɾ:Cˈt:Oe:Nn:Oe:Ns:C,CVCˈCV.CVC,3,U1U,sɾtns,aee,s t n,s t n,n,n,ɾ s,,,,,s,,s,t:Oe:N,,t,e,,s:Oa:Nɾ:C n:Oe:Ns:C,s n,a e,ɾ s,
248,249,tambor,tamˈboɾ,t:Oa:Nm:Cˈb:Oo:Nɾ:C,CVCˈCVC,2,U1,tmbɾ,ao,t b,t b,,,m ɾ,,,,,t,,ɾ,b:Oo:Nɾ:C,,b,o,ɾ,t:Oa:Nm:C ,t,a,m,
249,250,tambores,tamˈboɾes,t:Oa:Nm:Cˈb:Oo:Nɾ:Oe:Ns:C,CVCˈCV.CVC,3,U1U,tmbɾs,aoe,t b ɾ,t b ɾ,ɾ,ɾ,m s,,,,,t,,s,b:Oo:N,,b,o,,t:Oa:Nm:C ɾ:Oe:Ns:C,t ɾ,a e,m s,
250,251,ciudad,sjuˈdad,s:Oj:Du:Dˈd:Oa:Nd:C,CGVˈCVC,2,U1,sjdd,ua,s d,s d,d,d,d,,,,,s,,d,d:Oa:Nd:C,,d,a,d,s:Oj:Du:D ,s,ju,,
251,252,ciudades,sjuˈdades,s:Oj:Du:Dˈd:Oa:Nd:Oe:Ns:C,CGVˈCV.CVC,3,U1U,sjdds,uae,s d d,s d d,d,d,s,,,,,s,,s,d:Oa:N,,d,a,,s:Oj:Du:D d:Oe:Ns:C,s d,ju e,s,
252,253,cruz,kɾus,k:Oɾ:Ou:Ns:C,CCVC,1,U,kɾs,u,k ɾ,,,,s,k,ɾ,kɾ,kɾ,,kɾ,s,k:Oɾ:Ou:Ns:C,k:Oɾ:Ou:Ns:C,kɾ,u,s,k:Oɾ:Ou:Ns:C,kɾ,u,s,
253,254,cruces,ˈkɾuses,ˈk:Oɾ:Ou:Ns:Oe:Ns:C,ˈCCV.CVC,2,1U,kɾss,ue,k ɾ s,s,s,s,s,k,ɾ,kɾ,kɾ,,kɾ,s,k:Oɾ:Ou:N,,kɾ,u,, s:Oe:Ns:C,s,e,s,
